Nummer;Veröffentlichungs-Nummer;Anmeldedatum;Anmelder/Inhaber;Titel;PDF URL;Recherchierbarer Text URL
1;AT000000513417A1;18.09.2012;"CEBRAT GERFRIED DIPL ING, AT";[DE] Endlos produzierte im Rastermaß ablängbare Dünnschicht Fotovoltaik-Paneele;https://depatisnet.dpma.de/DepatisNet/depatisnet?action=pdf&docid=AT000000513417A1;
2;AT000000012227U1;01.12.2009;"CARLO GAVAZZI SERVICES AG, CH";[DE] STEUERUNGSVORRICHTUNG FÜR FOTOVOLTAIK-MODULE;https://depatisnet.dpma.de/DepatisNet/depatisnet?action=pdf&docid=AT000000012227U1;
3;DE212010000121U1;25.08.2010;"Saint-Gobain Glass France, Courbevoie, FR";[DE] System zur Montage von Fotovoltaik-Modulen;https://depatisnet.dpma.de/DepatisNet/depatisnet?action=pdf&docid=DE212010000121U1;https://depatisnet.dpma.de/DepatisNet/depatisnet?window=1&space=main&content=treffer&action=textpdf&docid=DE212010000121U1
4;DE202012009812U1;13.10.2012;"Hahn, Harald, 96328, Küps, DE";[DE] Fotovoltaik mit Lageenergie. Die Erfindung beschreibt, wie überschüssiger Solarstrom in potenzielle Energie umgewandelt werden kann (z.B. Sommer) und diese im (z.B. Winter) mit einem Generator zur ...;https://depatisnet.dpma.de/DepatisNet/depatisnet?action=pdf&docid=DE202012009812U1;https://depatisnet.dpma.de/DepatisNet/depatisnet?window=1&space=main&content=treffer&action=textpdf&docid=DE202012009812U1
5;DE202012008658U1;10.09.2012;"Schmitt, Peter, 67688, Rodenbach, DE";[DE] Vorrichtung zur direkten Wassererwärmung mittels Fotovoltaik;https://depatisnet.dpma.de/DepatisNet/depatisnet?action=pdf&docid=DE202012008658U1;https://depatisnet.dpma.de/DepatisNet/depatisnet?window=1&space=main&content=treffer&action=textpdf&docid=DE202012008658U1
6;DE202012005864U1;14.06.2012;"Bauer, Gerhard, 97944, Boxberg, DE";[DE] Fotovoltaik-Energiespeicher;https://depatisnet.dpma.de/DepatisNet/depatisnet?action=pdf&docid=DE202012005864U1;https://depatisnet.dpma.de/DepatisNet/depatisnet?window=1&space=main&content=treffer&action=textpdf&docid=DE202012005864U1
7;DE202011052119U1;28.11.2011;"SCHÜCO International KG, 33609, Bielefeld, DE";[DE] Modulrahmen für ein Fotovoltaik- oder Solarmodul;https://depatisnet.dpma.de/DepatisNet/depatisnet?action=pdf&docid=DE202011052119U1;https://depatisnet.dpma.de/DepatisNet/depatisnet?window=1&space=main&content=treffer&action=textpdf&docid=DE202011052119U1
8;DE202011003896U1;02.03.2011;"Glaswerke Arnold GmbH & Co. KG, 73630, Remshalden, DE";[DE] Glasscheiben-Anordnung mit gebäudeintegriertem Fotovoltaik-Modul;https://depatisnet.dpma.de/DepatisNet/depatisnet?action=pdf&docid=DE202011003896U1;https://depatisnet.dpma.de/DepatisNet/depatisnet?window=1&space=main&content=treffer&action=textpdf&docid=DE202011003896U1
9;DE202010011414U1;09.02.2010;"Emmert, Markus, 86477 Adelsried, DE";[DE] Steuerung für Fotovoltaik-Anlagen;https://depatisnet.dpma.de/DepatisNet/depatisnet?action=pdf&docid=DE202010011414U1;https://depatisnet.dpma.de/DepatisNet/depatisnet?window=1&space=main&content=treffer&action=textpdf&docid=DE202010011414U1
10;DE202010002902U1;26.02.2010;"COLEXON Energy AG, 22767 Hamburg, DE";[DE] Tragkonstruktion zur Aufständerung von Fotovoltaik-Modulen auf einem Flachdach;https://depatisnet.dpma.de/DepatisNet/depatisnet?action=pdf&docid=DE202010002902U1;https://depatisnet.dpma.de/DepatisNet/depatisnet?window=1&space=main&content=treffer&action=textpdf&docid=DE202010002902U1
11;DE202009007986U1;05.06.2009;"Liedtke, Jürgen, 25361 Süderau, DE";[DE] Landwirtschaftliches Gebäude mit Fotovoltaik-Anlage;https://depatisnet.dpma.de/DepatisNet/depatisnet?action=pdf&docid=DE202009007986U1;https://depatisnet.dpma.de/DepatisNet/depatisnet?window=1&space=main&content=treffer&action=textpdf&docid=DE202009007986U1
12;DE202009006870U1;13.05.2009;"Rampp, Stefan, 86807 Buchloe, DE";[DE] Diebstahlschutzeinrichtung für Fotovoltaik-Wechselrichter;https://depatisnet.dpma.de/DepatisNet/depatisnet?action=pdf&docid=DE202009006870U1;https://depatisnet.dpma.de/DepatisNet/depatisnet?window=1&space=main&content=treffer&action=textpdf&docid=DE202009006870U1
13;DE202009003828U1;18.03.2009;"Rampp, Stefan, 86807 Buchloe, DE";[DE] Diebstahlschutzeinrichtung für Fotovoltaik-Wechselrichter;https://depatisnet.dpma.de/DepatisNet/depatisnet?action=pdf&docid=DE202009003828U1;https://depatisnet.dpma.de/DepatisNet/depatisnet?window=1&space=main&content=treffer&action=textpdf&docid=DE202009003828U1
14;DE202007017180U1;08.12.2007;"TEC-Institut für technische Innovationen GmbH & Co. KG, 63857 Waldaschaff, DE";[DE] Fresnellinse für Fotovoltaik-Modul;https://depatisnet.dpma.de/DepatisNet/depatisnet?action=pdf&docid=DE202007017180U1;https://depatisnet.dpma.de/DepatisNet/depatisnet?window=1&space=main&content=treffer&action=textpdf&docid=DE202007017180U1
15;DE202007016966U1;05.12.2007;"Rennings, Manfred, 46047, Oberhausen, DE";[DE] Solardachpfanne Fotovoltaik;https://depatisnet.dpma.de/DepatisNet/depatisnet?action=pdf&docid=DE202007016966U1;https://depatisnet.dpma.de/DepatisNet/depatisnet?window=1&space=main&content=treffer&action=textpdf&docid=DE202007016966U1
16;DE202007012608U1;08.09.2007;"ROTO FRANK AG, 70771 Leinfelden-Echterdingen, DE";[DE] Kühlanordnung eines Fotovoltaik- oder Solarmoduls;https://depatisnet.dpma.de/DepatisNet/depatisnet?action=pdf&docid=DE202007012608U1;https://depatisnet.dpma.de/DepatisNet/depatisnet?window=1&space=main&content=treffer&action=textpdf&docid=DE202007012608U1
17;DE202004001675U1;03.02.2004;"MUELLER GERHARD, DE";[DE] Lösbare Verkabelungen von Fotovoltaik-Anlagen auf Dächern und in feuchten Klimaten [EN] Push in plug provides a waterproof electrical connection for roof mounted solar energy collection panels;https://depatisnet.dpma.de/DepatisNet/depatisnet?action=pdf&docid=DE202004001675U1;https://depatisnet.dpma.de/DepatisNet/depatisnet?window=1&space=main&content=treffer&action=textpdf&docid=DE202004001675U1
18;DE112006003417T5;06.12.2006;"GM Global Technology Operations, Inc., Detroit, Mich., US";[DE] Optimierung des Wirkungsgrades einer Fotovoltaik-Elektrolysevorrichtung;https://depatisnet.dpma.de/DepatisNet/depatisnet?action=pdf&docid=DE112006003417T5;https://depatisnet.dpma.de/DepatisNet/depatisnet?window=1&space=main&content=treffer&action=textpdf&docid=DE112006003417T5
19;DE102014211087A1;11.06.2014;"Robert Bosch GmbH, 70469, Stuttgart, DE";[DE] Verfahren und Steuergerät zur Ladestromanpassung für einen Energiespeicher eines Fotovoltaik-Systems;https://depatisnet.dpma.de/DepatisNet/depatisnet?action=pdf&docid=DE102014211087A1;https://depatisnet.dpma.de/DepatisNet/depatisnet?window=1&space=main&content=treffer&action=textpdf&docid=DE102014211087A1
20;DE102014201542A1;29.01.2014;"Robert Bosch GmbH, 70469, Stuttgart, DE";[DE] Schaltung für ein Energiemanagement für ein Fotovoltaik-System sowie Verfahren zum Betreiben der Schaltung;https://depatisnet.dpma.de/DepatisNet/depatisnet?action=pdf&docid=DE102014201542A1;https://depatisnet.dpma.de/DepatisNet/depatisnet?window=1&space=main&content=treffer&action=textpdf&docid=DE102014201542A1
21;DE102014200382A1;13.01.2014;"Robert Bosch GmbH, 70469, Stuttgart, DE";[DE] Verfahren und Vorrichtung zum Erkennen eines Zustands einer Bypassdiode eines Solarmoduls einer Fotovoltaik-Anlage;https://depatisnet.dpma.de/DepatisNet/depatisnet?action=pdf&docid=DE102014200382A1;https://depatisnet.dpma.de/DepatisNet/depatisnet?window=1&space=main&content=treffer&action=textpdf&docid=DE102014200382A1
22;DE102013226761A1;19.12.2013;"Robert Bosch GmbH, 70469, Stuttgart, DE";[DE] Verfahren und Vorrichtung zum Auslegen einer Fotovoltaik-Anlage;https://depatisnet.dpma.de/DepatisNet/depatisnet?action=pdf&docid=DE102013226761A1;https://depatisnet.dpma.de/DepatisNet/depatisnet?window=1&space=main&content=treffer&action=textpdf&docid=DE102013226761A1
23;DE102013204814A1;19.03.2013;"Robert Bosch GmbH, 70469, Stuttgart, DE";[DE] Fotovoltaik-Modul und Verfahren zur Herstellung eines Fotovoltaik-Moduls;https://depatisnet.dpma.de/DepatisNet/depatisnet?action=pdf&docid=DE102013204814A1;https://depatisnet.dpma.de/DepatisNet/depatisnet?window=1&space=main&content=treffer&action=textpdf&docid=DE102013204814A1
24;DE102013202926A1;22.02.2013;"Siemens Aktiengesellschaft, 80333, München, DE";[DE] Unterdrückung von AC-Oberwellen an Fotovoltaik-Modulen [EN] Arrangement of photovoltaic module array, has filter arrangement designed such that alternating current harmonics abutting against direct ...;https://depatisnet.dpma.de/DepatisNet/depatisnet?action=pdf&docid=DE102013202926A1;https://depatisnet.dpma.de/DepatisNet/depatisnet?window=1&space=main&content=treffer&action=textpdf&docid=DE102013202926A1
25;DE102010022645A1;04.06.2010;"Liedtke, Jürgen, 25361 Süderau, DE";[DE] Landwirtschaftliches Gebäude mit Fotovoltaik-Anlage;https://depatisnet.dpma.de/DepatisNet/depatisnet?action=pdf&docid=DE102010022645A1;https://depatisnet.dpma.de/DepatisNet/depatisnet?window=1&space=main&content=treffer&action=textpdf&docid=DE102010022645A1
26;DE102010007484A1;09.02.2010;"Emmert, Markus, 86477, Adelsried, DE";[DE] Steuerung für Fotovoltaik-Anlagen [EN] Controller for photovoltaic system for generating alternating current from solar energy, has control unit, multiple inputs corresponding to number of photovoltaic ...;https://depatisnet.dpma.de/DepatisNet/depatisnet?action=pdf&docid=DE102010007484A1;https://depatisnet.dpma.de/DepatisNet/depatisnet?window=1&space=main&content=treffer&action=textpdf&docid=DE102010007484A1
27;DE102009057203A1;26.11.2009;"ACI-ecotec GmbH & Co. KG, 78658 Zimmern, DE";[DE] Einrichtung zum Aussetzen eines Fotovoltaik-Dünnschichtmoduls mittels Licht;https://depatisnet.dpma.de/DepatisNet/depatisnet?action=pdf&docid=DE102009057203A1;https://depatisnet.dpma.de/DepatisNet/depatisnet?window=1&space=main&content=treffer&action=textpdf&docid=DE102009057203A1
28;DE102007047088A1;01.10.2007;"Buskühl, Martin, Dr., 13583 Berlin, DE";[DE] Fotovoltaik-Modul mit wenigstens einer Solarzelle;https://depatisnet.dpma.de/DepatisNet/depatisnet?action=pdf&docid=DE102007047088A1;https://depatisnet.dpma.de/DepatisNet/depatisnet?window=1&space=main&content=treffer&action=textpdf&docid=DE102007047088A1
29;DE102004043205A1;03.09.2004;"BETTRICH JOSEF, DE; FISCHER GEORG, DE";[DE] Fotovoltaik-Element [EN] Photo-voltaic unit for use in roof of e.g. industrial halls, has temperature control effecting cooling or heating of unit such that constant temperature is maintained, and ...;https://depatisnet.dpma.de/DepatisNet/depatisnet?action=pdf&docid=DE102004043205A1;https://depatisnet.dpma.de/DepatisNet/depatisnet?window=1&space=main&content=treffer&action=textpdf&docid=DE102004043205A1
30;DE102004034688B4;17.07.2004;"Öko-Insel Energietechnik GmbH, 02991 Laubusch, DE";[DE] Luftheiz- und Konvektionsofen mit einem thermoelektrischen Generator und mit Fotovoltaik-Generatoren zur Erzeugung von elektrischer Energie;https://depatisnet.dpma.de/DepatisNet/depatisnet?action=pdf&docid=DE102004034688B4;https://depatisnet.dpma.de/DepatisNet/depatisnet?window=1&space=main&content=treffer&action=textpdf&docid=DE102004034688B4
31;DE000010203492A1;30.01.2002;"Brinkmann, Klaus, Dr., 58640 Iserlohn, DE";[DE] Ein Hohlkörper mit Fotovoltaik zur teilweisen Abschirmung von Gaslampen für die gleichzeitige Erzeugung von Licht und Strom [EN] Device for optimized use of light from gas lamps places a hollow ...;https://depatisnet.dpma.de/DepatisNet/depatisnet?action=pdf&docid=DE000010203492A1;https://depatisnet.dpma.de/DepatisNet/depatisnet?window=1&space=main&content=treffer&action=textpdf&docid=DE000010203492A1
32;EP000003021365A1;13.11.2015;"COMMISSARIAT À L EN ATOMIQUE ET AUX EN ALTERNATIVES, FR";[DE] VERFAHREN ZUR RESTAURIERUNG VON FOTOVOLTAIK-SOLARZELLEN AUF SILIZIUMBASIS [EN] METHOD FOR RESTORING SILICON-BASED PHOTOVOLTAIC SOLAR CELLS [FR] PROCÉDÉ DE RESTAURATION DE CELLULES SOLAIRES PHOTOVOLTAÏQUES ...;https://depatisnet.dpma.de/DepatisNet/depatisnet?action=pdf&docid=EP000003021365A1;
33;EP000003018487A1;30.10.2015;"COMMISSARIAT ENERGIE ATOMIQUE, FR";[DE] ÜBERPRÜFUNGSVERFAHREN UND -SYSTEM EINER FOTOVOLTAIK-SOLARANLAGE [EN] METHOD AND SYSTEM FOR INSPECTING A PHOTOVOLTAIC SOLAR POWER PLANT [FR] PROCÉDÉ ET SYSTÈME D'INSPECTION D'UNE CENTRALE SOLAIRE ...;https://depatisnet.dpma.de/DepatisNet/depatisnet?action=pdf&docid=EP000003018487A1;
34;EP000003001276A1;24.09.2015;"COMMISSARIAT ENERGIE ATOMIQUE, FR";[DE] VERFAHREN UND VORRICHTUNG ZUR VERFOLGUNG DER MAXIMALEN LEISTUNG EINES FOTOVOLTAIK-MODULS [EN] METHOD AND DEVICE FOR TRACKING A MAXIMUM POWER POINT OF A PHOTOVOLTAIC MODULE [FR] PROCEDE ET DISPOSITIF ...;https://depatisnet.dpma.de/DepatisNet/depatisnet?action=pdf&docid=EP000003001276A1;
35;EP000002976790A1;13.03.2014;"BOSCH GMBH ROBERT, DE";[DE] FOTOVOLTAIK-MODUL UND VERFAHREN ZUR HERSTELLUNG EINES FOTOVOLTAIK-MODULS [EN] PHOTOVOLTAIC MODULE AND METHOD FOR PRODUCING A PHOTOVOLTAIC MODULE [FR] MODULE PHOTOVOLTAÏQUE ET PROCÉDÉ DE FABRICATION ...;https://depatisnet.dpma.de/DepatisNet/depatisnet?action=pdf&docid=EP000002976790A1;
36;EP000002946408A1;14.03.2014;"SEMPRIUS INC, US";[DE] HOCHEFFIZIENTE SOLAREMPFÄNGER MIT GESTAPELTEN SOLARZELLEN FÜR KONZENTRATOR-FOTOVOLTAIK [EN] HIGH EFFICIENCY SOLAR RECEIVERS INCLUDING STACKED SOLAR CELLS FOR CONCENTRATOR PHOTOVOLTAICS [FR] RECEPTEURS ...;https://depatisnet.dpma.de/DepatisNet/depatisnet?action=pdf&docid=EP000002946408A1;
37;EP000002945193A1;26.10.2010;"TOSHIBA KK, JP";[DE] FOTOVOLTAIK-ENERGIEERZEUGUNGSSYSTEM [EN] PHOTOVOLTAIC POWER GENERATING SYSTEM [FR] SYSTÈME DE GÉNÉRATION DE PUISSANCE PHOTOVOLTAÏQUE;https://depatisnet.dpma.de/DepatisNet/depatisnet?action=pdf&docid=EP000002945193A1;
38;EP000002926387A1;27.11.2013;"UNIV MICHIGAN, US";[DE] HYBRIDER PLANAR-GESTUFTER HETEROÜBERGANG FÜR ORGANISCHE FOTOVOLTAIK [EN] HYBRID PLANAR-GRADED HETEROJUNCTION FOR ORGANIC PHOTOVOLTAICS [FR] HÉTÉROJONCTION HYBRIDE PLANE GRADUELLE POUR DISPOSITIFS ...;https://depatisnet.dpma.de/DepatisNet/depatisnet?action=pdf&docid=EP000002926387A1;
39;EP000002904649A1;07.10.2013;"UNIV SOUTHERN CALIFORNIA, US";[DE] ENERGIESENSIBILISIERUNG VON AKZEPTOREN UND DONATOREN IN DER ORGANISCHEN FOTOVOLTAIK [EN] ENERGY SENSITIZATION OF ACCEPTORS AND DONORS IN ORGANIC PHOTOVOLTAICS [FR] SENSIBILISATION À L'ÉNERGIE DES ...;https://depatisnet.dpma.de/DepatisNet/depatisnet?action=pdf&docid=EP000002904649A1;
40;EP000002894749A1;12.12.2014;"BOSCH GMBH ROBERT, DE";[DE] Verfahren und Vorrichtung zum Auslegen einer Fotovoltaik-Anlage [EN] Method and device for planning a photovoltaics assembly [FR] Procédé et dispositif de dimensionnement d'une installation photovoltaïque;https://depatisnet.dpma.de/DepatisNet/depatisnet?action=pdf&docid=EP000002894749A1;
41;EP000002875534A1;19.07.2013;"UNIV MICHIGAN, US";[DE] ORGANISCHE FOTOVOLTAIK MIT MEHREREN ÜBERGÄNGEN MIT LÖSUNGS- UND VAKUUMAUFGEDAMPFTEN AKTIVEN SCHICHTEN [EN] MULTIJUNCTION ORGANIC PHOTOVOLTAICS INCORPORATING SOLUTION AND VACUUM DEPOSITED ACTIVE ...;https://depatisnet.dpma.de/DepatisNet/depatisnet?action=pdf&docid=EP000002875534A1;
42;EP000002866904A2;24.06.2013;"VIPS JOZEF KORENT, SI";[DE] VERFAHREN UND VORRICHTUNG ZUR SICHEREN FEUERLÖSCHUNG IN FOTOVOLTAIK-KRAFTWERKEN [EN] PROCESS AND DEVICE FOR SAFE FIRE EXTINGUISHING OF PHOTOVOLTAIC POWER PLANTS [FR] PROCESSUS ET DISPOSITIF D'EXTINCTION ...;https://depatisnet.dpma.de/DepatisNet/depatisnet?action=pdf&docid=EP000002866904A2;
43;EP000002862253A4;12.06.2013;"S & C ELECTRIC CO, US";[DE] STROMNETZ-FOTOVOLTAIK-INTEGRATION MIT VERTEILTER ENERGIESPEICHERUNG UND -VERWALTUNG [EN] POWER GRID PHOTO-VOLTAIC INTEGRATION USING DISTRIBUTED ENERGY STORAGE AND MANAGEMENT [FR] INTÉGRATION PHOTOVOLTAÏQUE ...;;
44;EP000002862253A2;12.06.2013;"S & C ELECTRIC CO, US";[DE] STROMNETZ-FOTOVOLTAIK-INTEGRATION MIT VERTEILTER ENERGIESPEICHERUNG UND -VERWALTUNG [EN] POWER GRID PHOTO-VOLTAIC INTEGRATION USING DISTRIBUTED ENERGY STORAGE AND MANAGEMENT [FR] INTÉGRATION PHOTOVOLTAÏQUE ...;https://depatisnet.dpma.de/DepatisNet/depatisnet?action=pdf&docid=EP000002862253A2;
45;EP000002850670A2;15.05.2013;"UNIV MICHIGAN, US; UNIV SOUTHERN CALIFORNIA, US";[DE] AUF DIPYRRIN BASIERENDES MATERIAL FÜR FOTOVOLTAIK [EN] DIPYRRIN BASED MATERIALS FOR PHOTOVOLTAICS [FR] MATÉRIAUX À BASE DE DIPYRRINE POUR PHOTOVOLTAÏQUE;https://depatisnet.dpma.de/DepatisNet/depatisnet?action=pdf&docid=EP000002850670A2;
46;EP000002782145A1;21.03.2013;"ALCATEL LUCENT, FR; COMMISSARIAT L ÉNERGIE ATOMIQUE ET AUX ÉNERGIES ALTERNATIVES, FR; ECOLE POLYTECH, FR; THALES SA, FR";[DE] Verfahren zur Herstellung einer Multiverbindungs-Fotovoltaik-Vorrichtung und so hergestellte Multiverbindungs-Fotovoltaik-Vorrichtung [EN] Method for manufacturing a multijunction photovoltaic device ...;https://depatisnet.dpma.de/DepatisNet/depatisnet?action=pdf&docid=EP000002782145A1;
47;EP000002719718A1;04.08.2010;"ARKEMA FRANCE, FR";[DE] Folie auf der Basis von Fluorpolymer und PMMA für Fotovoltaik-Anwendung, und ihr Herstellungsverfahren [EN] Film based on fluoropolymer and on zinc oxide without acrylic odour for photovoltaic application ...;https://depatisnet.dpma.de/DepatisNet/depatisnet?action=pdf&docid=EP000002719718A1;
48;EP000002700114A1;03.05.2011;"FORREST STEPHEN R, US; UNIV MICHIGAN, US";[DE] LICHTEINFANGARCHITEKTUR FÜR FOTOVOLTAIK- UND FOTODETEKTORANWENDUNGEN [EN] LIGHT TRAPPING ARCHITECTURE FOR PHOTOVOLTAIC AND PHOTODETECTOR APPLICATIONS [FR] ARCHITECTURE PIÉGEANT LA LUMIÈRE POUR APPLICATIONS ...;https://depatisnet.dpma.de/DepatisNet/depatisnet?action=pdf&docid=EP000002700114A1;
49;EP000002696464B1;07.08.2012;"AEG POWER SOLUTIONS GMBH, DE";[DE] Fotovoltaik-Kraftwerk [EN] Photovoltaic power plant [FR] Centrale photovoltaïque;https://depatisnet.dpma.de/DepatisNet/depatisnet?action=pdf&docid=EP000002696464B1;
50;EP000002696464A1;07.08.2012;"AEG POWER SOLUTIONS GMBH, DE";[DE] Fotovoltaik-Kraftwerk [EN] Photovoltaic power plant [FR] Centrale photovoltaïque;https://depatisnet.dpma.de/DepatisNet/depatisnet?action=pdf&docid=EP000002696464A1;
51;EP000002681778A1;02.03.2012;"PHILLIPS 66 CO, US";[DE] DONOR-AKZEPTOR-DYADENVERBINDUNGEN IN DER FOTOVOLTAIK [EN] DONOR-ACCEPTOR DYAD COMPOUNDS IN PHOTOVOLTAICS [FR] COMPOSÉS DYADES DONNEURS-ACCEPTEURS POUR LE PHOTOVOLTAÏQUE;https://depatisnet.dpma.de/DepatisNet/depatisnet?action=pdf&docid=EP000002681778A1;
52;EP000002671115A1;30.01.2012;"WYSIPS, FR";[DE] ANZEIGEVORRICHTUNG MIT INTEGRIERTEN FOTOVOLTAIK-ZELLEN UND VERBESSERTER HELLIGKEIT [EN] DISPLAY DEVICE WITH INTEGRATED PHOTOVOLTAIC CELLS AND IMPROVED BRIGHTNESS [FR] DISPOSITIF D'AFFICHAGE AVEC ...;https://depatisnet.dpma.de/DepatisNet/depatisnet?action=pdf&docid=EP000002671115A1;
53;EP000002668680A2;25.01.2012;"MASSACHUSETTS INST TECHNOLOGY, US";[DE] TRANSPARENTE FOTOVOLTAIK-ZELLEN [EN] TRANSPARENT PHOTOVOLTAIC CELLS [FR] CELLULES PHOTOVOLTAÏQUES TRANSPARENTES;https://depatisnet.dpma.de/DepatisNet/depatisnet?action=pdf&docid=EP000002668680A2;
54;EP000002649683A1;09.12.2011;"MULTI HOLDING AG, CH";[DE] KONTAKTELEMENT, INSBESONDERE LÖTREGISTER UND FOTOVOLTAIK-ANSCHLUSSBOX MIT KONTAKTELEMENT, INSBESONDERE EIN LÖTREGISTER [EN] CONTACT ELEMENT, IN PARTICULAR A SOLDER TAB AND PHOTOVOLTAIC JUNCTION ...;https://depatisnet.dpma.de/DepatisNet/depatisnet?action=pdf&docid=EP000002649683A1;
55;EP000002630666A2;18.10.2011;"WAKE FOREST UNIVERSITY SCHOOL OF MEDICINE, US";[DE] FOTOVOLTAIK-HYBRIDMODULE UND IHRE VERWENDUNG [EN] HYBRID PHOTOVOLTAIC DEVICES AND APPLICATIONS THEREOF [FR] DISPOSITIFS PHOTOVOLTAÏQUES HYBRIDES ET LEURS APPLICATIONS;https://depatisnet.dpma.de/DepatisNet/depatisnet?action=pdf&docid=EP000002630666A2;
56;EP000002630204A1;21.10.2011;"RHODIA OPERATIONS, FR";[DE] CHINONVERBINDUNGEN ZUR VERWENDUNG IN DER FOTOVOLTAIK [EN] QUINONE COMPOUNDS FOR USE IN PHOTOVOLTAICS [FR] COMPOSÉS DE TYPE QUINONES POUR APPLICATION PHOTOVOLTAÏQUE;https://depatisnet.dpma.de/DepatisNet/depatisnet?action=pdf&docid=EP000002630204A1;
57;EP000002622702B1;26.09.2011;"DANFOSS POWER ELECTRONICS AS, DK";[DE] FOTOVOLTAIK-KRAFTWERK [EN] PHOTOVOLTAIC POWER PLANT [FR] CENTRALE ÉLECTRIQUE PHOTOVOLTAÏQUE;https://depatisnet.dpma.de/DepatisNet/depatisnet?action=pdf&docid=EP000002622702B1;
58;EP000002622702A2;26.09.2011;"DANFOSS CUSTOMISED POWER ELECTRONICS AS, DK";[DE] FOTOVOLTAIK-KRAFTWERK [EN] PHOTOVOLTAIC POWER PLANT [FR] CENTRALE ÉLECTRIQUE PHOTOVOLTAÏQUE;https://depatisnet.dpma.de/DepatisNet/depatisnet?action=pdf&docid=EP000002622702A2;
59;EP000002614525A2;06.09.2011;"FIANIUM LTD, GB";[DE] CHALKOPYRIT-HALBLEITERBAUELEMENT FÜR DIE FOTOVOLTAIK [EN] CHALCOPYRITE-TYPE SEMICONDUCTOR PHOTOVOLTAIC DEVICE [FR] DISPOSITIF PHOTOVOLTAÏQUE À SEMI-CONDUCTEURS DE TYPE CHALCOPYRITE;https://depatisnet.dpma.de/DepatisNet/depatisnet?action=pdf&docid=EP000002614525A2;
60;EP000002601689B1;06.08.2010;"PIRELLI & C SPA, IT";[DE] MODUL FÜR HOCHKONZENTRIERENDE FOTOVOLTAIK [EN] MODULE FOR HIGH CONCENTRATING PHOTOVOLTAICS [FR] MODULE POUR PHOTOVOLTAÏQUE À CONCENTRATION ÉLEVÉE;https://depatisnet.dpma.de/DepatisNet/depatisnet?action=pdf&docid=EP000002601689B1;
61;EP000002601689A1;06.08.2010;"PIRELLI & C SPA, IT";[DE] MODUL FÜR HOCHKONZENTRIERENDE FOTOVOLTAIK [EN] MODULE FOR HIGH CONCENTRATING PHOTOVOLTAICS [FR] MODULE POUR PHOTOVOLTAÏQUE À CONCENTRATION ÉLEVÉE;https://depatisnet.dpma.de/DepatisNet/depatisnet?action=pdf&docid=EP000002601689A1;
62;EP000002600415A1;02.12.2011;"MARCHEGAY S A, FR";[DE] Fotovoltaik-Solaranlage [EN] Photovoltaic solar facility [FR] Installation solaire photovoltaïque;https://depatisnet.dpma.de/DepatisNet/depatisnet?action=pdf&docid=EP000002600415A1;
63;EP000002597398A3;18.05.2012;"SCHUECO INT KG, DE";[DE] Modulrahmen für ein Fotovoltaik- oder Solarmodul [EN] Module frame for a photovoltaic or solar module [FR] Cadre de module pour un module solaire ou photovoltaïque;https://depatisnet.dpma.de/DepatisNet/depatisnet?action=pdf&docid=EP000002597398A3;
64;EP000002597398A2;18.05.2012;"SCHUECO INT KG, DE";[DE] Modulrahmen für ein Fotovoltaik- oder Solarmodul [EN] Module frame for a photovoltaic or solar module [FR] Cadre de module pour un module solaire ou photovoltaïque;https://depatisnet.dpma.de/DepatisNet/depatisnet?action=pdf&docid=EP000002597398A2;
65;EP000002568231A1;07.09.2011;"PHOTOWATT INTERNAT, FR";[DE] Befestigungsvorrichtung für Fotovoltaik-Solarmodul auf einem Träger [EN] Device for attaching a photovoltaic solar panel to a mounting [FR] Dispositif de fixation d'un module solaire photovoltaïque ...;https://depatisnet.dpma.de/DepatisNet/depatisnet?action=pdf&docid=EP000002568231A1;
66;EP000002568230A1;07.09.2011;"PHOTOWATT INTERNAT, FR";[DE] Rahmenprofil für Fotovoltaik-Solaranlage, und Fotovoltaik-Solaranlage, die mit diesem Rahmenprofil ausgestattet ist [EN] Frame profile for photovoltaic solar installation and photovoltaic solar ...;https://depatisnet.dpma.de/DepatisNet/depatisnet?action=pdf&docid=EP000002568230A1;
67;EP000002562488A1;26.08.2011;"3S SWISS SOLAR SYSTEMS AG, CH";[DE] Haltevorrichtung zum Halten eines Fotovoltaik- oder Solarkollektormoduls [EN] Holding device for holding a photovoltaic or solar collector module [FR] Dispositif de support pour module de collecteur ...;https://depatisnet.dpma.de/DepatisNet/depatisnet?action=pdf&docid=EP000002562488A1;
68;EP000002546885A4;10.09.2010;"TOSHIBA KK, JP";[DE] FOTOVOLTAIK-STROMERZEUGUNGSSYSTEM [EN] PHOTOVOLTAIC POWER GENERATION SYSTEM [FR] SYSTÈME DE GÉNÉRATION D'ÉNERGIE SOLAIRE;;
69;EP000002546885A1;10.09.2010;"TOSHIBA KK, JP";[DE] FOTOVOLTAIK-STROMERZEUGUNGSSYSTEM [EN] PHOTOVOLTAIC POWER GENERATION SYSTEM [FR] SYSTÈME DE GÉNÉRATION D'ÉNERGIE SOLAIRE;https://depatisnet.dpma.de/DepatisNet/depatisnet?action=pdf&docid=EP000002546885A1;
70;EP000002502283A4;07.10.2010;"SUNPOWER CORP, US";[DE] AUSTAUSCHBARE FOTOVOLTAIK-DACHTAFEL [EN] REPLACEABLE PHOTOVOLTAIC ROOF PANEL [FR] PANNEAU DE TOIT PHOTOVOLTAÏQUE POUVANT ÊTRE REMPLACÉ;;
71;EP000002502283A1;07.10.2010;"SUNPOWER CORP, US";[DE] AUSTAUSCHBARE FOTOVOLTAIK-DACHTAFEL [EN] REPLACEABLE PHOTOVOLTAIC ROOF PANEL [FR] PANNEAU DE TOIT PHOTOVOLTAÏQUE POUVANT ÊTRE REMPLACÉ;https://depatisnet.dpma.de/DepatisNet/depatisnet?action=pdf&docid=EP000002502283A1;
72;EP000002487091A1;06.02.2012;"RENAULT SA, FR";[DE] Halterungsvorrichtung für Fotovoltaik-Solarpanel für Kraftfahrzeug [EN] Device for supporting a photovoltaic solar panel for an automobile [FR] Dispositif support de panneau solaire photovoltaïque ...;https://depatisnet.dpma.de/DepatisNet/depatisnet?action=pdf&docid=EP000002487091A1;
73;EP000002475011A2;16.12.2011;"SONY CORP, JP";[DE] Fotovoltaik-Stromerzeugungsmodul und Fotovoltaik-Stromerzeugungssystem [EN] Photovoltaic power generating module and photovoltaic power generating system [FR] Module de génération de puissance photovoltaïque ...;https://depatisnet.dpma.de/DepatisNet/depatisnet?action=pdf&docid=EP000002475011A2;
74;EP000002462185A1;04.08.2010;"ARKEMA FRANCE, FR";[DE] FILM ENTHALTEND FLUORIERTES POLYMER UND ZINKOXID OHNE ACRYLGERUCH FÜR DIE FOTOVOLTAIK [EN] FLUORINATED POLYMER AND ZINC OXIDE FILM FREE OF ANY ACRYLIC ODOR FOR PHOTOVOLTAIC USE [FR] FILM À BASE ...;https://depatisnet.dpma.de/DepatisNet/depatisnet?action=pdf&docid=EP000002462185A1;
75;EP000002461362A1;06.12.2010;"SOLSIA, FR";[DE] Fotovoltaik-Sonnenkollektor mit Dioden in Dünnschichten [EN] Photovoltaic solar panel with thin-layer diodes [FR] Panneau solaire photovoltaïque à diodes en couches minces;https://depatisnet.dpma.de/DepatisNet/depatisnet?action=pdf&docid=EP000002461362A1;
76;EP000002453073B1;03.11.2011;"SUNKEYS, FR";[DE] Motorbetriebene Markise mit Fotovoltaik-Solarstromantrieb [EN] Motorised outdoor blind with photovoltaic power supply [FR] Store d'exterieur motorisé à alimentation photovoltaique;https://depatisnet.dpma.de/DepatisNet/depatisnet?action=pdf&docid=EP000002453073B1;
77;EP000002453073A1;03.11.2011;"MEUNIER STEPHANE, FR";[DE] Motorbetriebene Markise mit Fotovoltaik-Solarstromantrieb [EN] Motorised outdoor blind with photovoltaic power supply [FR] Store d'exterieur motorisé à alimentation photovoltaique;https://depatisnet.dpma.de/DepatisNet/depatisnet?action=pdf&docid=EP000002453073A1;
78;EP000002443668A1;17.06.2010;"AZOULAY ALEXANDRE, FR";[DE] FOTOVOLTAIK-DACHZIEGEL [EN] PHOTOVOLTAIC ROOF TILE [FR] TUILE PHOTOVOLTAÏQUE POUR TOITURE;https://depatisnet.dpma.de/DepatisNet/depatisnet?action=pdf&docid=EP000002443668A1;
79;EP000002432026A1;21.09.2010;"MS EN SPRL, BE";[DE] Fotovoltaik-Anlage mit Schutz gegen Stromschlaggefahren im Falle eines Brands, und Sicherheitsschaltkasten für eine solche Anlage [EN] Photovoltaic plant with protection against the risks of electrocution ...;https://depatisnet.dpma.de/DepatisNet/depatisnet?action=pdf&docid=EP000002432026A1;
80;EP000002427701A2;06.05.2010;"ECOJOULE S R L, IT";[DE] STÜTZSYSTEM, INSBESONDERE FÜR FOTOVOLTAIK-MODULE [EN] SUPPORTING SYSTEM IN PARTICULAR FOR PHOTOVOLTAIC MODULES [FR] SYSTÈME DE SUPPORT, EN PARTICULIER POUR MODULES PHOTOVOLTAÏQUES;https://depatisnet.dpma.de/DepatisNet/depatisnet?action=pdf&docid=EP000002427701A2;
81;EP000002410578A3;21.07.2011;"CIE IND D APPLIC THERMIQUES, FR";[DE] Kombinierter Solarthermie-Fotovoltaik-Hybridsonnenkollektor, und einen solchen Kollektor umfassende Anlage [EN] Thermal-photovoltaic hybrid solar device and installation including such a device ...;https://depatisnet.dpma.de/DepatisNet/depatisnet?action=pdf&docid=EP000002410578A3;
82;EP000002410578A2;21.07.2011;"CIE IND D APPLIC THERMIQUES, FR";[DE] Kombinierter Solarthermie-Fotovoltaik-Hybridsonnenkollektor, und einen solchen Kollektor umfassende Anlage [EN] Thermal-photovoltaic hybrid solar device and installation including such a device ...;https://depatisnet.dpma.de/DepatisNet/depatisnet?action=pdf&docid=EP000002410578A2;
83;EP000002401769A1;22.12.2009;"SUNPOWER CORP, US";[DE] FOTOVOLTAIK-BAUGRUPPEN UND TRANSPORTVERFAHREN [EN] PHOTOVOLTAIC ASSEMBLIES AND METHODS FOR TRANSPORTING [FR] ENSEMBLES PHOTOVOLTAÏQUES ET PROCÉDÉS DE TRANSPORT;https://depatisnet.dpma.de/DepatisNet/depatisnet?action=pdf&docid=EP000002401769A1;
84;EP000002396513A1;15.02.2010;"FIRST SOLAR INC, US";[DE] LEISTUNG EINES FOTOVOLTAIK-KRAFTWERKS [EN] PHOTOVOLTAIC POWER PLANT OUTPUT [FR] SYSTÈME DE GÉNÉRATEUR PHOTOVOLTAÏQUE;https://depatisnet.dpma.de/DepatisNet/depatisnet?action=pdf&docid=EP000002396513A1;
85;EP000002377712A1;23.03.2011;"HONDA MOTOR CO LTD, JP";[DE] Fotovoltaik-Energieerzeugungssystem [EN] Photovoltaic power generation system [FR] Système de génération de puissance photovoltaïque;https://depatisnet.dpma.de/DepatisNet/depatisnet?action=pdf&docid=EP000002377712A1;
86;EP000002369437A3;21.03.2011;"LG ELECTRONICS INC, KR";[DE] Fotovoltaik-Energieerzeugungssystem [EN] Photovoltaic power generation system [FR] Système de génération de puissance photovoltaïque;https://depatisnet.dpma.de/DepatisNet/depatisnet?action=pdf&docid=EP000002369437A3;
87;EP000002369437A2;21.03.2011;"LG ELECTRONICS INC, KR";[DE] Fotovoltaik-Energieerzeugungssystem [EN] Photovoltaic power generation system [FR] Système de génération de puissance photovoltaïque;https://depatisnet.dpma.de/DepatisNet/depatisnet?action=pdf&docid=EP000002369437A2;
88;EP000002355170A3;04.02.2011;"ENEXTRA GMBH, DE";[DE] Steuerung für Fotovoltaik-Anlagen [EN] Control for photovoltaic systems [FR] Commande pour installations photovoltaïques;https://depatisnet.dpma.de/DepatisNet/depatisnet?action=pdf&docid=EP000002355170A3;
89;EP000002355170A2;04.02.2011;"ENEXTRA GMBH, DE";[DE] Steuerung für Fotovoltaik-Anlagen [EN] Control for photovoltaic systems [FR] Commande pour installations photovoltaïques;https://depatisnet.dpma.de/DepatisNet/depatisnet?action=pdf&docid=EP000002355170A2;
90;EP000002353186A4;29.10.2009;"AQT SOLAR INC, US";[DE] SPUTTERTARGETS AUS CHALCOGENIDLEGIERUNG FÜR DIE FOTOVOLTAIK UND HERSTELLUNGSVERFAHREN DAFÜR [EN] CHALCOGENIDE ALLOY SPUTTER TARGETS FOR PHOTOVOLTAIC APPLICATIONS AND METHODS OF MANUFACTURING THE ...;;
91;EP000002353186A2;29.10.2009;"AQT SOLAR INC, US";[DE] SPUTTERTARGETS AUS CHALCOGENIDLEGIERUNG FÜR DIE FOTOVOLTAIK UND HERSTELLUNGSVERFAHREN DAFÜR [EN] CHALCOGENIDE ALLOY SPUTTER TARGETS FOR PHOTOVOLTAIC APPLICATIONS AND METHODS OF MANUFACTURING THE ...;https://depatisnet.dpma.de/DepatisNet/depatisnet?action=pdf&docid=EP000002353186A2;
92;EP000002301084A1;18.06.2008;"OERLIKON TRADING AG, CH";[DE] VERFAHREN ZUR HERSTELLUNG VON FOTOVOLTAIKZELLEN IN GROSSEM MASSSTAB FÜR EIN WANDLERPANEL UND FOTOVOLTAIK-WANDLERPANEL [EN] METHOD FOR LARGE-SCALE MANUFACTURING OF PHOTOVOLTAIC CELLS FOR A CONVERTER ...;https://depatisnet.dpma.de/DepatisNet/depatisnet?action=pdf&docid=EP000002301084A1;
93;EP000002294627A2;15.05.2009;"AMCOR FLEXIBLES KREUZLINGEN, CH";[DE] RÜCKSEITENLAMINAT-STRUKTUR FÜR EIN FOTOVOLTAIK-MODUL [EN] Back sheet structure for a photovoltaic module [FR] Structure de feuille arrière pour un module photovoltaïque;https://depatisnet.dpma.de/DepatisNet/depatisnet?action=pdf&docid=EP000002294627A2;
94;EP000002278627A1;23.07.2010;"PHOTOWATT INTERNAT S A, FR";[DE] Automatische Lokalisierung von Fotovoltaik-Modulen in einem Fotovoltaik-Feld [EN] Automatic localisation of photovoltaic modules in a photovoltaic field [FR] Localisation automatique de modules ...;https://depatisnet.dpma.de/DepatisNet/depatisnet?action=pdf&docid=EP000002278627A1;
95;EP000002246917A2;21.04.2010;"HONEYWELL INT INC, US";[DE] Elektronenkollektor und seine Verwendung in der Fotovoltaik [EN] An electron collector and its application in photovoltaics [FR] Collecteur d'électrons et son application dans les systèmes photovoltaïques;https://depatisnet.dpma.de/DepatisNet/depatisnet?action=pdf&docid=EP000002246917A2;
96;EP000002232586A2;05.01.2009;"PV SYSTEMS LTD, GB";[DE] FOTOVOLTAIK-SOLARMODUL [EN] A PHOTOVOLTAIC PANEL [FR] PANNEAU PHOTOVOLTAÏQUE;https://depatisnet.dpma.de/DepatisNet/depatisnet?action=pdf&docid=EP000002232586A2;
97;EP000002232584A1;12.12.2007;"RUIZ CABALLERO FRANCISCO, ES";[DE] FOTOVOLTAIK-SOLARDACH [EN] PHOTOVOLTAIC SOLAR ROOF [FR] TOIT SOLAIRE PHOTOVOLTAÏQUE;https://depatisnet.dpma.de/DepatisNet/depatisnet?action=pdf&docid=EP000002232584A1;
98;EP000002212926A2;16.10.2008;"QUALCOMM MEMS TECHNOLOGIES INC, US";[DE] DISPLAY MIT INTEGRIERTER FOTOVOLTAIK [EN] DISPLAY WITH INTEGRATED PHOTOVOLTAICS [FR] DISPOSITIF D'AFFICHAGE À ÉLÉMENTS PHOTOVOLTAÏQUES INTÉGRÉS;https://depatisnet.dpma.de/DepatisNet/depatisnet?action=pdf&docid=EP000002212926A2;
99;EP000002212917A2;26.09.2008;"BUSKUEHL MARTIN, DE";[DE] FOTOVOLTAIK-MODUL MIT WENIGSTENS EINER SOLARZELLE [EN] PHOTOVOLTAIC MODULE HAVING AT LEAST ONE SOLAR CELL [FR] MODULE PHOTOVOLTAÏQUE AYANT AU MOINS UNE CELLULE SOLAIRE;https://depatisnet.dpma.de/DepatisNet/depatisnet?action=pdf&docid=EP000002212917A2;
100;EP000002196744A2;11.11.2009;"SAMSUNG ELECTRONICS CO LTD, KR";[DE] Fotovoltaik-Energieerzeugungssystem [EN] Photovoltaic power generation system [FR] Système de génération de puissance photovoltaïque;https://depatisnet.dpma.de/DepatisNet/depatisnet?action=pdf&docid=EP000002196744A2;
101;EP000002184786A1;26.08.2008;"TOYOTA MOTOR CO LTD, JP";[DE] FOTOVOLTAIK-ZWANGSEINRICHTUNG [EN] PHOTOVOLTAIC FORCE DEVICE [FR] DISPOSITIF À FORCE PHOTOÉLECTROMOTRICE;https://depatisnet.dpma.de/DepatisNet/depatisnet?action=pdf&docid=EP000002184786A1;
102;EP000002171769A2;26.06.2008;"KALKANOGLU HUSNU M, US; SHAW WAYNE E, US; SHIAO MING-LIANG, US";[DE] FOTOVOLTAIK-DACHZIEGEL UND VERFAHREN ZU IHRER HERSTELLUNG [EN] PHOTOVOLTAIC ROOFING TILES AND METHODS FOR MAKING THEM [FR] TUILES PHOTOVOLTAÏQUES ET PROCÉDÉS DE FABRICATION ASSOCIÉS;https://depatisnet.dpma.de/DepatisNet/depatisnet?action=pdf&docid=EP000002171769A2;
103;EP000002168169A1;20.06.2008;"SOLAR INTEGRATED TECHNOLOGIES, US";[DE] FOTOVOLTAIK-PANEL [EN] PHOTOVOLTAIC PANEL [FR] PANNEAU PHOTOVOLTAÏQUE;https://depatisnet.dpma.de/DepatisNet/depatisnet?action=pdf&docid=EP000002168169A1;
104;EP000002124261A1;23.05.2008;"ALCAN TECH & MAN LTD, CH";[DE] Rückseitenlaminat-Struktur für ein Fotovoltaik-Modul [EN] Back sheet structure for a photovoltaic module [FR] Structure de feuille arrière pour un module photovoltaïque;https://depatisnet.dpma.de/DepatisNet/depatisnet?action=pdf&docid=EP000002124261A1;
105;EP000002122268A4;14.03.2008;"LIGHT PRESCRIPTIONS INNOVATORS, US";[DE] OPTISCHER KONZENTRATOR, IM BESONDEREN FÜR DIE FOTOVOLTAIK [EN] OPTICAL CONCENTRATOR, ESPECIALLY FOR SOLAR PHOTOVOLTAICS [FR] CONCENTRATEUR OPTIQUE, EN PARTICULIER POUR PHOTOVOLTAÏQUE SOLAIRE;;
106;EP000002122268A1;14.03.2008;"LIGHT PRESCRIPTIONS INNOVATORS, US";[DE] OPTISCHER KONZENTRATOR, IM BESONDEREN FÜR DIE FOTOVOLTAIK [EN] OPTICAL CONCENTRATOR, ESPECIALLY FOR SOLAR PHOTOVOLTAICS [FR] CONCENTRATEUR OPTIQUE, EN PARTICULIER POUR PHOTOVOLTAÏQUE SOLAIRE;https://depatisnet.dpma.de/DepatisNet/depatisnet?action=pdf&docid=EP000002122268A1;
107;EP000002077588A2;30.12.2008;"HUNFELD HANS-HERMANN, DE; ROEHL CHRISTIAN, DE; STEICHERT TINO, DE; STOEBER JOACHIM, DE";[DE] Überwachungseinheit für Fotovoltaik-Module [EN] Monitoring unit for photovoltaic modules [FR] Unité de surveillance pour modules photovoltaïques;https://depatisnet.dpma.de/DepatisNet/depatisnet?action=pdf&docid=EP000002077588A2;
108;EP000001974077A2;18.01.2007;"BP CORP NORTH AMERICA INC, US";[DE] VERFAHREN UND VORRICHTUNGEN ZUR HERSTELLUNG VON MONOKRISTALLIN-FORMSILICIUM UND MONOKRISTALLIN-FORMSILICIUMKÖRPER FÜR DIE FOTOVOLTAIK [EN] METHODS AND APPARATUSES FOR MANUFACTURING MONOCRYSTALLINE ...;https://depatisnet.dpma.de/DepatisNet/depatisnet?action=pdf&docid=EP000001974077A2;
109;EP000001974076A2;18.01.2007;"BP CORP NORTH AMERICA INC, US";[DE] VERFAHREN UND VORRICHTUNGEN ZUR HERSTELLUNG VON GEOMETRISCHEM MULTIKRISTALLIN-FORMSILICIUM UND GEOMETRISCHE MULTIKRISTALLIN-FORMSILICIUMKÖRPER FÜR DIE FOTOVOLTAIK [EN] METHODS AND APPARATUSES FOR ...;https://depatisnet.dpma.de/DepatisNet/depatisnet?action=pdf&docid=EP000001974076A2;
110;EP000001828718A4;29.11.2004;"SHUKLA ARUN GOMTI SHANKER, IN";[DE] FÜR TAGESBELEUCHTUNG, FOTOVOLTAIK UND SOLARHEIZUNG NÜTZLICHER SONNENLICHT-UMLENKER [EN] SUN-LIGHT-REDIRECTOR USEFUL IN DAY-LIGHTING, PHOTO-VOLTAICS AND SOLAR HEATING [FR] ECRAN SOLAIRE REDIRECTEUR ...;;
111;EP000001828718A1;29.11.2004;"SHUKLA ARUN GOMTI SHANKER, IN";[DE] FÜR TAGESBELEUCHTUNG, FOTOVOLTAIK UND SOLARHEIZUNG NÜTZLICHER SONNENLICHT-UMLENKER [EN] SUN-LIGHT-REDIRECTOR USEFUL IN DAY-LIGHTING, PHOTO-VOLTAICS AND SOLAR HEATING [FR] ECRAN SOLAIRE REDIRECTEUR ...;https://depatisnet.dpma.de/DepatisNet/depatisnet?action=pdf&docid=EP000001828718A1;
112;EP000001654334A1;18.06.2004;"DOW CORNING, US";[DE] SILICONBASIERTE DIELEKTRISCHE BESCHICHTUNGEN UND FILME FÜR ANWENDUNGEN AUF DEM GEBIET DER FOTOVOLTAIK [EN] SILICONE BASED DIELECTRIC COATINGS AND FILMS FOR PHOTOVOLTAIC APPLICATIONS [FR] REVETEMENTS ...;https://depatisnet.dpma.de/DepatisNet/depatisnet?action=pdf&docid=EP000001654334A1;
113;ID000000016930A;19.05.1997;"CANON KK, JP";[XX] PERALATAN FOTOVOLTAIK DAN PROSES UNTUK PRODUKSINYA;;
114;TR000201106756A2;07.07.2011;"PHOENIX CONTACT GMBH & CO, DE";[XX] Bir fotovoltaik tesisin izole edilmis bir sekilde kurulan bir agi için denetleme tertibati.;;
115;TR000201006980A2;23.08.2010;"TARAKCIOGLU ISIK, TR";[XX] Fotovoltaik (pv) hücre ve tekstil esasli hava isitici günes kolektörü kombinasyonu (pvt).;;
116;TR000201002785U;09.04.2010;"ALTUNCUOGLU EMRE, TR; ALTUNCUOGLU TANER, TR";[XX] Fotovoltaik günes enerjisi ile çalisan akilli, hijyenik atik kutusu.;;
117;TR000200906449A2;20.08.2009;"MEKATRON EN ELEKTROM ELEK MUEH, TR";[XX] Solar fotovoltaik güç ve aydinlatma sistemi;;
118;TR000200902529U;01.04.2009;"ECOREL POWER S R L, IT";[XX] Konsantrasyon fotovoltaik modülü.;;
119;TR000000022537A;13.03.1985;"BP PHOTOVOLTAICS LTD, US; SOHIO COMMERCIAL DEV CO, US";[XX] CD BAKIMINDAN ZENGIN HG1X CDX TE DEN YARARLANAN INCE FILM HETEROJEN BIRLESMESI ARZEDEN FOTOVOLTAIK TERTIVATLAR VE BELIRTILEN MALZEMEDEN IBARET INCE FILMI ELEKTROLITIK OLARAK OLUSTURMA METODU;;
120;WO002014146962A1;13.03.2014;"BOSCH GMBH ROBERT, DE";[DE] FOTOVOLTAIK-MODUL UND VERFAHREN ZUR HERSTELLUNG EINES FOTOVOLTAIK-MODULS [EN] PHOTOVOLTAIC MODULE AND METHOD FOR PRODUCING A PHOTOVOLTAIC MODULE [FR] MODULE PHOTOVOLTAÏQUE ET PROCÉDÉ DE FABRICATION ...;https://depatisnet.dpma.de/DepatisNet/depatisnet?action=pdf&docid=WO002014146962A1;
121;WO002011063890A3;06.11.2010;"ACI ECOTEC GMBH, DE; ETZKORN MATTHIAS, DE; FRITZ HANS-ULRICH, DE; HAAS ANDREAS, DE; MENAUER KARL-HEINZ, DE";[DE] EINRICHTUNG ZUM AUSSETZEN EINES FOTOVOLTAIK-DÜNNSCHICHTMODULS MITTELS LICHT [EN] INSTALLATION FOR EXPOSING A PHOTOVOLTAIC THIN FILM MODULE BY MEANS OF LIGHT [FR] DISPOSITIF POUR EXPOSER UN MODULE ...;https://depatisnet.dpma.de/DepatisNet/depatisnet?action=pdf&docid=WO002011063890A3;
122;WO002011063890A2;06.11.2010;"ACI ECOTEC GMBH, DE; ETZKORN MATTHIAS, DE; FRITZ HANS-ULRICH, DE; HAAS ANDREAS, DE; MENAUER KARL-HEINZ, DE";[DE] EINRICHTUNG ZUM AUSSETZEN EINES FOTOVOLTAIK-DÜNNSCHICHTMODULS MITTELS LICHT [EN] INSTALLATION FOR EXPOSING A PHOTOVOLTAIC THIN FILM MODULE BY MEANS OF LIGHT [FR] DISPOSITIF POUR EXPOSER UN MODULE ...;https://depatisnet.dpma.de/DepatisNet/depatisnet?action=pdf&docid=WO002011063890A2;
123;WO002009141102A3;15.05.2009;"ALCAN TECH & MAN LTD, CH; JANNON BERTRAND, DE; LOHWASSER WOLFGANG, DE";[DE] RÜCKSEITENLAMINAT-STRUKTUR FÜR EIN FOTOVOLTAIK-MODUL [EN] BACK LAMINAR STRUCTURE FOR A PHOTOVOLTAIC MODULE [FR] MODULE PHOTOVOLTAÏQUE;https://depatisnet.dpma.de/DepatisNet/depatisnet?action=pdf&docid=WO002009141102A3;
124;WO002009141102A2;15.05.2009;"ALCAN TECH & MAN LTD, CH; JANNON BERTRAND, DE; LOHWASSER WOLFGANG, DE";[DE] FOTOVOLTAIK-MODUL [EN] PHOTOVOLTAIC MODULE [FR] MODULE PHOTOVOLTAÏQUE;https://depatisnet.dpma.de/DepatisNet/depatisnet?action=pdf&docid=WO002009141102A2;
125;WO002009043340A3;26.09.2008;"BUSKUEHL MARTIN, DE";[DE] FOTOVOLTAIK-MODUL MIT WENIGSTENS EINER SOLARZELLE [EN] PHOTOVOLTAIC MODULE HAVING AT LEAST ONE SOLAR CELL [FR] MODULE PHOTOVOLTAÏQUE AYANT AU MOINS UNE CELLULE SOLAIRE;https://depatisnet.dpma.de/DepatisNet/depatisnet?action=pdf&docid=WO002009043340A3;
126;WO002009043340A2;26.09.2008;"BUSKUEHL MARTIN, DE";[DE] FOTOVOLTAIK-MODUL MIT WENIGSTENS EINER SOLARZELLE [EN] PHOTOVOLTAIC MODULE HAVING AT LEAST ONE SOLAR CELL [FR] MODULE PHOTOVOLTAÏQUE AYANT AU MOINS UNE CELLULE SOLAIRE;https://depatisnet.dpma.de/DepatisNet/depatisnet?action=pdf&docid=WO002009043340A2;

